# Old Testament words the New Testament applies to Christ take the Son color: Law, Samuel, Chronicles, Psalms.
# Rule: only the words the NT applies to him change; the rest of the verse keeps its color. Titles of God (LORD, God) keep the Father color, as everywhere else.
# Columns: ref <TAB> term <TAB> occurrence <TAB> from <TAB> to <TAB> note (with the NT reference)
Genesis 12:7	seed	1	GENERAL_PEOPLE	GOD_SON	"unto thy seed": to thy seed, which is Christ (Gal 3:16)
Genesis 13:15	seed	1	GENERAL_PEOPLE	GOD_SON	"to thy seed": which is Christ (Gal 3:16)
Genesis 17:8	seed	1	GENERAL_PEOPLE	GOD_SON	"to thy seed": which is Christ (Gal 3:16)
Genesis 22:18	seed	1	GENERAL_PEOPLE	GOD_SON	"in thy seed shall all the nations be blessed" (Gal 3:16; Acts 3:25-26)
Genesis 24:7	seed	1	GENERAL_PEOPLE	GOD_SON	"unto thy seed": which is Christ (Gal 3:16)
Deuteronomy 18:15	him	1	GOD_FATHER	GOD_SON	the Prophet like Moses (Acts 3:22-23; 7:37)
Deuteronomy 18:18	his	1	GOD_FATHER	GOD_SON	the Prophet's mouth (Acts 3:22)
Deuteronomy 18:18	he	1	GOD_FATHER	GOD_SON	the Prophet shall speak (Acts 3:22)
Deuteronomy 18:18	him	1	GOD_FATHER	GOD_SON	all that I command him (Acts 3:22)
Deuteronomy 18:19	he	1	GOD_FATHER	GOD_SON	my words which he shall speak (Acts 3:23)
2 Samuel 7:14	his	1	PRONOUN	GOD_SON	"I will be his father" (Heb 1:5); "if he commit iniquity" is Solomon and stays
2 Samuel 7:14	he	1	PRONOUN	GOD_SON	"he shall be my son" (Heb 1:5)
2 Samuel 7:14	son	1	GENERAL_PEOPLE	GOD_SON	"my son" (Heb 1:5)
1 Chronicles 17:13	his	1	PRONOUN	GOD_SON	"I will be his father" (Heb 1:5)
1 Chronicles 17:13	he	1	PRONOUN	GOD_SON	"he shall be my son" (Heb 1:5)
1 Chronicles 17:13	son	1	GENERAL_PEOPLE	GOD_SON	"my son" (Heb 1:5)
Psalms 2:6	king	1	GENERAL_PEOPLE	GOD_SON	"my king" on Zion, the Anointed of 2:2 (Acts 4:25-27)
Psalms 2:7	I	1	GOD_FATHER	GOD_SON	the Son declares the decree (Acts 13:33; Heb 1:5)
Psalms 2:7	me	1	PRONOUN	GOD_SON	"the LORD hath said unto me" (Acts 13:33)
Psalms 2:7	Thou	1	PRONOUN	GOD_SON	"Thou art my Son" (Heb 1:5; 5:5)
Psalms 2:7	thee	1	PRONOUN	GOD_SON	"this day have I begotten thee" (Heb 1:5)
Psalms 2:8	thee	1	PRONOUN	GOD_SON	the Son's inheritance (Heb 1:2; Rev 2:27)
Psalms 2:8	thine	1	PRONOUN	GOD_SON	the Son's inheritance
Psalms 2:8	thy	1	PRONOUN	GOD_SON	the Son's possession
Psalms 2:9	Thou	1	PRONOUN	GOD_SON	rule with a rod of iron (Rev 2:27; 12:5; 19:15)
Psalms 2:9	thou	1	PRONOUN	GOD_SON	dash them in pieces (Rev 2:27)
Psalms 2:12	he	1	GOD_FATHER	GOD_SON	"Kiss the Son, lest he be angry"
Psalms 2:12	his	1	GOD_FATHER	GOD_SON	the Son's wrath (Rev 6:16-17)
Psalms 2:12	him	1	GOD_FATHER	GOD_SON	trust in him, the Son
Psalms 16:8	I	1	PRONOUN	GOD_SON	David speaks of Christ (Acts 2:25)
Psalms 16:8	me	1	PRONOUN	GOD_SON	(Acts 2:25)
Psalms 16:8	my	1	PRONOUN	GOD_SON	(Acts 2:25)
Psalms 16:8	I	2	PRONOUN	GOD_SON	(Acts 2:25)
Psalms 16:9	my	*	PRONOUN	GOD_SON	(Acts 2:26)
Psalms 16:10	my	1	PRONOUN	GOD_SON	"he spake of the resurrection of Christ" (Acts 2:27, 31)
Psalms 16:10	Holy One	1	GOD_FATHER	GOD_SON	"thine Holy One" (Acts 2:27; 13:35)
Psalms 16:11	me	1	PRONOUN	GOD_SON	(Acts 2:28)
Psalms 22:1	My	1	PRONOUN	GOD_SON	Christ's cry on the cross (Matt 27:46; Mark 15:34)
Psalms 22:1	my	1	PRONOUN	GOD_SON	(Matt 27:46)
Psalms 22:1	me	*	PRONOUN	GOD_SON	(Matt 27:46)
Psalms 22:1	my	2	PRONOUN	GOD_SON	"the words of my roaring" (Matt 27:46)
Psalms 22:7	me	*	PRONOUN	GOD_SON	they laugh him to scorn, shaking the head (Matt 27:39)
Psalms 22:8	He	1	PRONOUN	GOD_SON	"He trusted in God; let him deliver him" (Matt 27:43)
Psalms 22:8	him	*	PRONOUN	GOD_SON	(Matt 27:43)
Psalms 22:8	he	1	PRONOUN	GOD_SON	"seeing he delighted in him" (Matt 27:43)
Psalms 22:18	my	*	PRONOUN	GOD_SON	they parted my garments (John 19:24)
Psalms 22:22	I	*	PRONOUN	GOD_SON	"I will declare thy name unto my brethren" (Heb 2:12)
Psalms 22:22	my	1	PRONOUN	GOD_SON	(Heb 2:12)
Psalms 31:5	I	1	PRONOUN	GOD_SON	"into thy hands I commend my spirit" (Luke 23:46)
Psalms 31:5	my	1	PRONOUN	GOD_SON	(Luke 23:46)
Psalms 34:20	his	1	PRONOUN	GOD_SON	"a bone of him shall not be broken" (John 19:36)
Psalms 40:6	mine	1	PRONOUN	GOD_SON	"when he cometh into the world, he saith" (Heb 10:5)
Psalms 40:7	I	*	PRONOUN	GOD_SON	"Lo, I come" (Heb 10:7)
Psalms 40:7	me	1	PRONOUN	GOD_SON	"it is written of me" (Heb 10:7)
Psalms 40:8	I	1	PRONOUN	GOD_SON	"to do thy will, O God" (Heb 10:7, 9)
Psalms 40:8	my	*	PRONOUN	GOD_SON	(Heb 10:7)
Psalms 41:9	my	1	PRONOUN	GOD_SON	"he that eateth bread with me" (John 13:18); "in whom I trusted" Christ leaves out, and it stays
Psalms 41:9	me	1	PRONOUN	GOD_SON	"hath lifted up his heel against me" (John 13:18)
Psalms 45:6	Thy	1	PRONOUN	GOD_SON	"unto the Son he saith, Thy throne, O God" (Heb 1:8); "God" keeps the Father color by rule
Psalms 45:6	thy	1	PRONOUN	GOD_SON	"the sceptre of thy kingdom" (Heb 1:8)
Psalms 45:7	Thou	1	PRONOUN	GOD_SON	(Heb 1:9)
Psalms 45:7	thy	*	PRONOUN	GOD_SON	"thy God", "thy fellows" (Heb 1:9)
Psalms 45:7	thee	1	PRONOUN	GOD_SON	"hath anointed thee" (Heb 1:9)
Psalms 68:18	Thou	1	GOD_FATHER	GOD_SON	"he that descended is the same also that ascended" (Eph 4:8-10)
Psalms 68:18	thou	*	GOD_FATHER	GOD_SON	(Eph 4:8)
Psalms 69:4	me	1	PRONOUN	GOD_SON	"They hated me without a cause" (John 15:25)
Psalms 69:9	me	*	PRONOUN	GOD_SON	"the zeal of thine house hath eaten me up" (John 2:17); "fell on me" (Rom 15:3)
Psalms 69:21	me	*	PRONOUN	GOD_SON	gall and vinegar (Matt 27:34, 48; John 19:28-29)
Psalms 69:21	my	*	PRONOUN	GOD_SON	(Matt 27:34)
Psalms 78:2	I	*	PRONOUN	GOD_SON	"I will open my mouth in parables", fulfilled in Christ (Matt 13:35)
Psalms 78:2	my	1	PRONOUN	GOD_SON	(Matt 13:35)
Psalms 102:25	thou	1	GOD_FATHER	GOD_SON	"unto the Son he saith ... Thou, Lord, in the beginning" (Heb 1:10)
Psalms 102:25	thy	1	GOD_FATHER	GOD_SON	(Heb 1:10)
Psalms 102:26	thou	*	GOD_FATHER	GOD_SON	(Heb 1:11-12)
Psalms 102:27	thou	1	GOD_FATHER	GOD_SON	(Heb 1:12)
Psalms 102:27	thy	1	GOD_FATHER	GOD_SON	(Heb 1:12)
Psalms 110:2	thy	1	GOD_FATHER	GOD_SON	the same "my Lord" as 110:1 (Matt 22:44; Heb 1:13)
Psalms 110:2	thou	1	GOD_FATHER	GOD_SON	"rule thou" (110:1 addressee)
Psalms 110:2	thine	1	GOD_FATHER	GOD_SON	"thine enemies", as 110:1
Psalms 110:3	Thy	1	GOD_FATHER	GOD_SON	the Lord of 110:1
Psalms 110:3	thy	*	GOD_FATHER	GOD_SON	the Lord of 110:1
Psalms 110:3	thou	1	GOD_FATHER	GOD_SON	the Lord of 110:1
Psalms 118:26	he	1	GOD_FATHER	GOD_SON	"Blessed is he that cometh in the name of the Lord" (Matt 21:9; 23:39)
