# The guide's own phrase rules for nation, tribe and family names, applied wherever the source broke them (generated by rule, then checked).
# Exceptions kept: Jacob's literal sons (Genesis 45:21; 46:8; 50:25; Exodus 1:1), the patriarch in Genesis-Exodus and in "Abraham, Isaac and Jacob", Paul's "all Israel" (Romans 9:6; 11:26), the people of God.
# Columns: ref <TAB> term <TAB> occurrence <TAB> from <TAB> to <TAB> note
Genesis 32:32	Israel	1	PROPER_PERSON	PEOPLE_GROUP	"the children of Israel" (guide 5.7)
Genesis 36:31	Israel	1	PROPER_PERSON	PEOPLE_GROUP	"the children of Israel" (guide 5.7)
Exodus 1:7	Israel	1	PROPER_PERSON	PEOPLE_GROUP	"the children of Israel" (guide 5.7)
Exodus 3:16	Israel	1	PEOPLE_GROUP	PROPER_PLACE	"the elders of Israel" (guide 5.12)
Exodus 3:18	Israel	1	PEOPLE_GROUP	PROPER_PLACE	"the elders of Israel" (guide 5.12)
Exodus 5:1	Israel	1	PEOPLE_GROUP	PROPER_PLACE	"the God of Israel" (guide 5.12)
Exodus 12:21	Israel	1	PEOPLE_GROUP	PROPER_PLACE	"the elders of Israel" (guide 5.12)
Exodus 16:31	Israel	1	PEOPLE_GROUP	PROPER_PLACE	"the house of Israel" (guide 5.12)
Exodus 17:5	Israel	1	PEOPLE_GROUP	PROPER_PLACE	"the elders of Israel" (guide 5.12)
Exodus 17:6	Israel	1	PEOPLE_GROUP	PROPER_PLACE	"the elders of Israel" (guide 5.12)
Exodus 18:12	Israel	1	PEOPLE_GROUP	PROPER_PLACE	"the elders of Israel" (guide 5.12)
Exodus 24:1	Israel	1	PEOPLE_GROUP	PROPER_PLACE	"the elders of Israel" (guide 5.12)
Exodus 24:4	Israel	1	PEOPLE_GROUP	PROPER_PLACE	"the tribes of Israel" (guide 5.12)
Exodus 24:9	Israel	1	PEOPLE_GROUP	PROPER_PLACE	"the elders of Israel" (guide 5.12)
Exodus 24:10	Israel	1	PEOPLE_GROUP	PROPER_PLACE	"the God of Israel" (guide 5.12)
Exodus 32:27	Israel	1	PEOPLE_GROUP	PROPER_PLACE	"the God of Israel" (guide 5.12)
Exodus 32:28	Levi	1	PROPER_PERSON	PEOPLE_GROUP	"the children of Levi": the tribe (guide 5.7)
Exodus 34:23	Israel	1	PEOPLE_GROUP	PROPER_PLACE	"the God of Israel" (guide 5.12)
Exodus 40:38	Israel	1	PEOPLE_GROUP	PROPER_PLACE	"the house of Israel" (guide 5.12)
Leviticus 9:1	Israel	1	PEOPLE_GROUP	PROPER_PLACE	"the elders of Israel" (guide 5.12)
Leviticus 10:6	Israel	1	PEOPLE_GROUP	PROPER_PLACE	"the house of Israel" (guide 5.12)
Leviticus 17:3	Israel	1	PEOPLE_GROUP	PROPER_PLACE	"the house of Israel" (guide 5.12)
Leviticus 17:8	Israel	1	PEOPLE_GROUP	PROPER_PLACE	"the house of Israel" (guide 5.12)
Leviticus 17:10	Israel	1	PEOPLE_GROUP	PROPER_PLACE	"the house of Israel" (guide 5.12)
Leviticus 22:18	Israel	2	PEOPLE_GROUP	PROPER_PLACE	"the house of Israel" (guide 5.12)
Joshua 17:2	Manasseh	1	PROPER_PERSON	PEOPLE_GROUP	"the children of Manasseh": the tribe (guide 5.7)
Judges 20:12	Israel	1	PEOPLE_GROUP	PROPER_PLACE	"the tribes of Israel" (guide 5.12)
1 Samuel 2:28	Israel	1	PROPER_PERSON	PROPER_PLACE	"the tribes of Israel" (guide 5.12)
1 Samuel 9:21	Benjamin	1	PROPER_PLACE	PEOPLE_GROUP	"the tribe of Benjamin": the tribe (guide 5.7)
2 Samuel 23:1	Jacob	1	PROPER_PERSON	PROPER_PLACE	"Jacob" for the nation (guide 5.12)
1 Kings 16:12	house	1	GENERAL_PLACE_1	GENERAL_PEOPLE	"the house of Baasha": a family or nation (guide 5.8)
1 Chronicles 4:10	Israel	1	PROPER_PERSON	PROPER_PLACE	"the God of Israel" (guide 5.12)
1 Chronicles 12:16	Benjamin	1	PROPER_PLACE	PEOPLE_GROUP	"the children of Benjamin": the tribe (guide 5.7)
1 Chronicles 17:6	Israel	1	PEOPLE_GROUP	PROPER_PLACE	"all Israel" (guide 5.12)
1 Chronicles 17:24	Israel	1	PEOPLE_GROUP	PROPER_PLACE	"the God of Israel" (guide 5.12)
2 Chronicles 6:5	Israel	1	PEOPLE_GROUP	PROPER_PLACE	"the tribes of Israel" (guide 5.12)
2 Chronicles 6:7	Israel	1	PEOPLE_GROUP	PROPER_PLACE	"the God of Israel" (guide 5.12)
2 Chronicles 6:10	Israel	1	PEOPLE_GROUP	PROPER_PLACE	"the God of Israel" (guide 5.12)
2 Chronicles 6:14	Israel	1	PEOPLE_GROUP	PROPER_PLACE	"the God of Israel" (guide 5.12)
2 Chronicles 6:16	Israel	1	PEOPLE_GROUP	PROPER_PLACE	"the God of Israel" (guide 5.12)
2 Chronicles 6:17	Israel	1	PEOPLE_GROUP	PROPER_PLACE	"the God of Israel" (guide 5.12)
2 Chronicles 13:16	Israel	1	PROPER_PLACE	PEOPLE_GROUP	"the children of Israel" (guide 5.7)
2 Chronicles 25:7	Ephraim	1	PROPER_PLACE	PEOPLE_GROUP	"the children of Ephraim": the tribe (guide 5.7)
2 Chronicles 25:12	Judah	1	PROPER_PLACE	PEOPLE_GROUP	"the children of Judah": the tribe (guide 5.7)
2 Chronicles 31:5	Israel	1	PROPER_PLACE	PEOPLE_GROUP	"the children of Israel" (guide 5.7)
2 Chronicles 31:6	Israel	1	PROPER_PLACE	PEOPLE_GROUP	"the children of Israel" (guide 5.7)
Ezra 3:1	Israel	1	PROPER_PERSON	PEOPLE_GROUP	"the children of Israel" (guide 5.7)
Ezra 3:2	Israel	1	PROPER_PERSON	PROPER_PLACE	"the God of Israel" (guide 5.12)
Ezra 4:1	Israel	1	PROPER_PERSON	PROPER_PLACE	"the God of Israel" (guide 5.12)
Ezra 4:3	Israel	1	PROPER_PERSON	PROPER_PLACE	"the God of Israel" (guide 5.12)
Ezra 5:1	Israel	1	PROPER_PERSON	PROPER_PLACE	"the God of Israel" (guide 5.12)
Ezra 6:14	Israel	1	PROPER_PERSON	PROPER_PLACE	"the God of Israel" (guide 5.12)
Ezra 6:21	Israel	1	PROPER_PERSON	PROPER_PLACE	"the God of Israel" (guide 5.12)
Ezra 6:22	Israel	1	PROPER_PERSON	PROPER_PLACE	"the God of Israel" (guide 5.12)
Ezra 7:6	Israel	1	PROPER_PERSON	PROPER_PLACE	"the God of Israel" (guide 5.12)
Ezra 7:15	Israel	1	PROPER_PERSON	PROPER_PLACE	"the God of Israel" (guide 5.12)
Ezra 8:35	Israel	1	PROPER_PERSON	PROPER_PLACE	"the God of Israel" (guide 5.12)
Ezra 9:4	Israel	1	PROPER_PERSON	PROPER_PLACE	"the God of Israel" (guide 5.12)
Ezra 9:15	Israel	1	PROPER_PERSON	PROPER_PLACE	"the God of Israel" (guide 5.12)
Nehemiah 7:73	Israel	1	PEOPLE_GROUP	PROPER_PLACE	"all Israel" (guide 5.12)
Nehemiah 7:73	Israel	1	PROPER_PERSON	PEOPLE_GROUP	"the children of Israel" (guide 5.7)
Nehemiah 8:14	Israel	1	PROPER_PERSON	PEOPLE_GROUP	"the children of Israel" (guide 5.7)
Nehemiah 10:39	Israel	1	PROPER_PERSON	PEOPLE_GROUP	"the children of Israel" (guide 5.7)
Nehemiah 13:2	Israel	1	PROPER_PERSON	PEOPLE_GROUP	"the children of Israel" (guide 5.7)
Psalms 20:1	Jacob	1	PROPER_PERSON	PROPER_PLACE	"Jacob" for the nation (guide 5.12)
Psalms 41:13	Israel	1	PROPER_PERSON	PROPER_PLACE	"the God of Israel" (guide 5.12)
Psalms 46:7	Jacob	1	PROPER_PERSON	PROPER_PLACE	"Jacob" for the nation (guide 5.12)
Psalms 46:11	Jacob	1	PROPER_PERSON	PROPER_PLACE	"Jacob" for the nation (guide 5.12)
Psalms 59:5	Israel	1	PROPER_PERSON	PROPER_PLACE	"the God of Israel" (guide 5.12)
Psalms 68:8	Israel	1	PROPER_PERSON	PROPER_PLACE	"the God of Israel" (guide 5.12)
Psalms 68:35	Israel	1	PROPER_PERSON	PROPER_PLACE	"the God of Israel" (guide 5.12)
Psalms 69:6	Israel	1	PROPER_PERSON	PROPER_PLACE	"the God of Israel" (guide 5.12)
Psalms 72:18	Israel	1	PROPER_PERSON	PROPER_PLACE	"the God of Israel" (guide 5.12)
Psalms 75:9	Jacob	1	PROPER_PERSON	PROPER_PLACE	"Jacob" for the nation (guide 5.12)
Psalms 76:6	Jacob	1	PROPER_PERSON	PROPER_PLACE	"Jacob" for the nation (guide 5.12)
Psalms 78:55	Israel	1	PROPER_PERSON	PROPER_PLACE	"the tribes of Israel" (guide 5.12)
Psalms 81:1	Jacob	1	PROPER_PERSON	PROPER_PLACE	"Jacob" for the nation (guide 5.12)
Psalms 81:4	Jacob	1	PROPER_PERSON	PROPER_PLACE	"Jacob" for the nation (guide 5.12)
Psalms 84:8	Jacob	1	PROPER_PERSON	PROPER_PLACE	"Jacob" for the nation (guide 5.12)
Psalms 94:7	Jacob	1	PROPER_PERSON	PROPER_PLACE	"Jacob" for the nation (guide 5.12)
Psalms 106:48	Israel	1	PROPER_PERSON	PROPER_PLACE	"the God of Israel" (guide 5.12)
Psalms 115:12	Israel	1	PROPER_PERSON	PROPER_PLACE	"the house of Israel" (guide 5.12)
Psalms 132:2	Jacob	1	PROPER_PERSON	PROPER_PLACE	"Jacob" for the nation (guide 5.12)
Psalms 132:5	Jacob	1	PROPER_PERSON	PROPER_PLACE	"Jacob" for the nation (guide 5.12)
Psalms 135:19	Israel	1	PROPER_PERSON	PROPER_PLACE	"the house of Israel" (guide 5.12)
Psalms 146:5	Jacob	1	PROPER_PERSON	PROPER_PLACE	"Jacob" for the nation (guide 5.12)
Psalms 148:14	Israel	1	PROPER_PERSON	PEOPLE_GROUP	"the children of Israel" (guide 5.7)
Isaiah 2:3	Jacob	1	PROPER_PERSON	PROPER_PLACE	"Jacob" for the nation (guide 5.12)
Isaiah 2:5	Jacob	1	PROPER_PERSON	PROPER_PLACE	"Jacob" for the nation (guide 5.12)
Isaiah 2:6	Jacob	1	PROPER_PERSON	PROPER_PLACE	"Jacob" for the nation (guide 5.12)
Jeremiah 3:21	Israel	1	PROPER_PLACE	PEOPLE_GROUP	"the children of Israel" (guide 5.7)
Jeremiah 6:1	Benjamin	1	PROPER_PLACE	PEOPLE_GROUP	"the children of Benjamin": the tribe (guide 5.7)
Jeremiah 7:3	Israel	1	PROPER_PERSON	PROPER_PLACE	"the God of Israel" (guide 5.12)
Jeremiah 7:21	Israel	1	PROPER_PERSON	PROPER_PLACE	"the God of Israel" (guide 5.12)
Jeremiah 7:30	Judah	1	PROPER_PLACE	PEOPLE_GROUP	"the children of Judah": the tribe (guide 5.7)
Jeremiah 9:15	Israel	1	PROPER_PERSON	PROPER_PLACE	"the God of Israel" (guide 5.12)
Jeremiah 13:12	Israel	1	PROPER_PERSON	PROPER_PLACE	"the God of Israel" (guide 5.12)
Jeremiah 16:9	Israel	1	PROPER_PERSON	PROPER_PLACE	"the God of Israel" (guide 5.12)
Jeremiah 16:14	Israel	1	PROPER_PERSON	PEOPLE_GROUP	"the children of Israel" (guide 5.7)
Jeremiah 19:3	Israel	1	PROPER_PERSON	PROPER_PLACE	"the God of Israel" (guide 5.12)
Jeremiah 19:15	Israel	1	PROPER_PERSON	PROPER_PLACE	"the God of Israel" (guide 5.12)
Jeremiah 21:4	Israel	1	PROPER_PERSON	PROPER_PLACE	"the God of Israel" (guide 5.12)
Jeremiah 23:2	Israel	1	PROPER_PERSON	PROPER_PLACE	"the God of Israel" (guide 5.12)
Jeremiah 23:7	Israel	1	PROPER_PERSON	PEOPLE_GROUP	"the children of Israel" (guide 5.7)
Jeremiah 23:8	Israel	1	PROPER_PERSON	PROPER_PLACE	"the house of Israel" (guide 5.12)
Jeremiah 24:5	Israel	1	PROPER_PERSON	PROPER_PLACE	"the God of Israel" (guide 5.12)
Jeremiah 25:15	Israel	1	PROPER_PERSON	PROPER_PLACE	"the God of Israel" (guide 5.12)
Jeremiah 25:27	Israel	1	PROPER_PERSON	PROPER_PLACE	"the God of Israel" (guide 5.12)
Jeremiah 27:4	Israel	1	PROPER_PERSON	PROPER_PLACE	"the God of Israel" (guide 5.12)
Jeremiah 27:21	Israel	1	PROPER_PERSON	PROPER_PLACE	"the God of Israel" (guide 5.12)
Jeremiah 28:2	Israel	1	PROPER_PERSON	PROPER_PLACE	"the God of Israel" (guide 5.12)
Jeremiah 28:14	Israel	1	PROPER_PERSON	PROPER_PLACE	"the God of Israel" (guide 5.12)
Jeremiah 29:4	Israel	1	PROPER_PERSON	PROPER_PLACE	"the God of Israel" (guide 5.12)
Jeremiah 29:8	Israel	1	PROPER_PERSON	PROPER_PLACE	"the God of Israel" (guide 5.12)
Jeremiah 29:21	Israel	1	PROPER_PERSON	PROPER_PLACE	"the God of Israel" (guide 5.12)
Jeremiah 29:25	Israel	1	PROPER_PERSON	PROPER_PLACE	"the God of Israel" (guide 5.12)
Jeremiah 30:2	Israel	1	PROPER_PERSON	PROPER_PLACE	"the God of Israel" (guide 5.12)
Jeremiah 31:23	Israel	1	PROPER_PERSON	PROPER_PLACE	"the God of Israel" (guide 5.12)
Jeremiah 32:14	Israel	1	PROPER_PERSON	PROPER_PLACE	"the God of Israel" (guide 5.12)
Jeremiah 32:15	Israel	1	PROPER_PERSON	PROPER_PLACE	"the God of Israel" (guide 5.12)
Jeremiah 32:30	Israel	1	PROPER_PLACE	PEOPLE_GROUP	"the children of Israel" (guide 5.7)
Jeremiah 32:30	Judah	1	PROPER_PLACE	PEOPLE_GROUP	"the children of Judah": the tribe (guide 5.7)
Jeremiah 32:30	Israel	2	PROPER_PLACE	PEOPLE_GROUP	"the children of Israel" (guide 5.7)
Jeremiah 32:32	Israel	1	PROPER_PLACE	PEOPLE_GROUP	"the children of Israel" (guide 5.7)
Jeremiah 32:32	Judah	1	PROPER_PLACE	PEOPLE_GROUP	"the children of Judah": the tribe (guide 5.7)
Jeremiah 32:36	Israel	1	PROPER_PERSON	PROPER_PLACE	"the God of Israel" (guide 5.12)
Jeremiah 33:4	Israel	1	PROPER_PERSON	PROPER_PLACE	"the God of Israel" (guide 5.12)
Jeremiah 34:2	Israel	1	PROPER_PERSON	PROPER_PLACE	"the God of Israel" (guide 5.12)
Jeremiah 34:13	Israel	1	PROPER_PERSON	PROPER_PLACE	"the God of Israel" (guide 5.12)
Jeremiah 35:13	Israel	1	PROPER_PERSON	PROPER_PLACE	"the God of Israel" (guide 5.12)
Jeremiah 35:17	Israel	1	PROPER_PERSON	PROPER_PLACE	"the God of Israel" (guide 5.12)
Jeremiah 35:18	Israel	1	PROPER_PERSON	PROPER_PLACE	"the God of Israel" (guide 5.12)
Jeremiah 35:19	Israel	1	PROPER_PERSON	PROPER_PLACE	"the God of Israel" (guide 5.12)
Jeremiah 37:7	Israel	1	PROPER_PERSON	PROPER_PLACE	"the God of Israel" (guide 5.12)
Jeremiah 38:17	Israel	1	PROPER_PERSON	PROPER_PLACE	"the God of Israel" (guide 5.12)
Jeremiah 39:16	Israel	1	PROPER_PERSON	PROPER_PLACE	"the God of Israel" (guide 5.12)
Jeremiah 42:9	Israel	1	PROPER_PERSON	PROPER_PLACE	"the God of Israel" (guide 5.12)
Jeremiah 42:15	Israel	1	PROPER_PERSON	PROPER_PLACE	"the God of Israel" (guide 5.12)
Jeremiah 42:18	Israel	1	PROPER_PERSON	PROPER_PLACE	"the God of Israel" (guide 5.12)
Jeremiah 43:10	Israel	1	PROPER_PERSON	PROPER_PLACE	"the God of Israel" (guide 5.12)
Jeremiah 44:2	Israel	1	PROPER_PERSON	PROPER_PLACE	"the God of Israel" (guide 5.12)
Jeremiah 44:7	Israel	1	PROPER_PERSON	PROPER_PLACE	"the God of Israel" (guide 5.12)
Jeremiah 44:11	Israel	1	PROPER_PERSON	PROPER_PLACE	"the God of Israel" (guide 5.12)
Jeremiah 44:25	Israel	1	PROPER_PERSON	PROPER_PLACE	"the God of Israel" (guide 5.12)
Jeremiah 45:2	Israel	1	PROPER_PERSON	PROPER_PLACE	"the God of Israel" (guide 5.12)
Jeremiah 46:25	Israel	1	PROPER_PERSON	PROPER_PLACE	"the God of Israel" (guide 5.12)
Jeremiah 48:1	Israel	1	PROPER_PERSON	PROPER_PLACE	"the God of Israel" (guide 5.12)
Jeremiah 50:4	Israel	1	PROPER_PLACE	PEOPLE_GROUP	"the children of Israel" (guide 5.7)
Jeremiah 50:4	Judah	1	PROPER_PLACE	PEOPLE_GROUP	"the children of Judah": the tribe (guide 5.7)
Jeremiah 50:18	Israel	1	PROPER_PERSON	PROPER_PLACE	"the God of Israel" (guide 5.12)
Jeremiah 50:33	Israel	1	PROPER_PLACE	PEOPLE_GROUP	"the children of Israel" (guide 5.7)
Jeremiah 50:33	Judah	1	PROPER_PLACE	PEOPLE_GROUP	"the children of Judah": the tribe (guide 5.7)
Jeremiah 51:33	Israel	1	PROPER_PERSON	PROPER_PLACE	"the God of Israel" (guide 5.12)
Ezekiel 20:5	Jacob	1	PROPER_PERSON	PROPER_PLACE	"Jacob" for the nation (guide 5.12)
Ezekiel 37:19	Israel	1	PROPER_PERSON	PROPER_PLACE	"the tribes of Israel" (guide 5.12)
Ezekiel 43:7	house	1	GENERAL_PLACE_1	GENERAL_PEOPLE	"the house of Israel": a family or nation (guide 5.8)
Ezekiel 44:12	house	1	GENERAL_PLACE_1	GENERAL_PEOPLE	"the house of Israel": a family or nation (guide 5.8)
Ezekiel 47:13	Israel	1	PROPER_PERSON	PROPER_PLACE	"the tribes of Israel" (guide 5.12)
Ezekiel 47:21	Israel	1	PROPER_PERSON	PROPER_PLACE	"the tribes of Israel" (guide 5.12)
Ezekiel 47:22	Israel	1	PROPER_PERSON	PEOPLE_GROUP	"the children of Israel" (guide 5.7)
Ezekiel 47:22	Israel	2	PROPER_PERSON	PROPER_PLACE	"the tribes of Israel" (guide 5.12)
Ezekiel 48:19	Israel	1	PROPER_PERSON	PROPER_PLACE	"the tribes of Israel" (guide 5.12)
Ezekiel 48:29	Israel	1	PROPER_PERSON	PROPER_PLACE	"the tribes of Israel" (guide 5.12)
Ezekiel 48:31	Israel	1	PROPER_PERSON	PROPER_PLACE	"the tribes of Israel" (guide 5.12)
Hosea 1:4	Israel	1	PROPER_PERSON	PROPER_PLACE	"the house of Israel" (guide 5.12)
Hosea 1:11	Judah	1	PROPER_PLACE	PEOPLE_GROUP	"the children of Judah": the tribe (guide 5.7)
Hosea 1:11	Israel	1	PROPER_PLACE	PEOPLE_GROUP	"the children of Israel" (guide 5.7)
Hosea 3:5	Israel	1	PROPER_PLACE	PEOPLE_GROUP	"the children of Israel" (guide 5.7)
Amos 3:13	house	1	GENERAL_PLACE_1	GENERAL_PEOPLE	"the house of Jacob": a family or nation (guide 5.8)
Amos 3:13	Jacob	1	PROPER_PERSON	PROPER_PLACE	"Jacob" for the nation (guide 5.12)
Amos 9:8	Jacob	1	PROPER_PERSON	PROPER_PLACE	"Jacob" for the nation (guide 5.12)
Amos 9:9	Israel	1	PROPER_PERSON	PROPER_PLACE	"the house of Israel" (guide 5.12)
Obadiah 1:17	Jacob	1	PROPER_PERSON	PROPER_PLACE	"Jacob" for the nation (guide 5.12)
Obadiah 1:18	Jacob	1	PROPER_PERSON	PROPER_PLACE	"Jacob" for the nation (guide 5.12)
Haggai 1:2	hosts	1	GENERAL_PEOPLE	ANGELIC	"the LORD of hosts" (guide 5.4)
Haggai 1:5	hosts	1	GENERAL_PEOPLE	ANGELIC	"the LORD of hosts" (guide 5.4)
Haggai 1:7	hosts	1	GENERAL_PEOPLE	ANGELIC	"the LORD of hosts" (guide 5.4)
Haggai 2:6	hosts	1	GENERAL_PEOPLE	ANGELIC	"the LORD of hosts" (guide 5.4)
Haggai 2:11	hosts	1	GENERAL_PEOPLE	ANGELIC	"the LORD of hosts" (guide 5.4)
Haggai 2:23	hosts	1	GENERAL_PEOPLE	ANGELIC	"the LORD of hosts" (guide 5.4)
Matthew 15:24	house	1	GENERAL_PLACE_1	GENERAL_PEOPLE	"the house of Israel": a family or nation (guide 5.8)
Matthew 15:31	Israel	1	PROPER_PERSON	PROPER_PLACE	"the God of Israel" (guide 5.12)
Luke 1:33	house	1	GENERAL_PLACE_1	GENERAL_PEOPLE	"the house of Jacob": a family or nation (guide 5.8)
Luke 1:33	Jacob	1	PROPER_PERSON	PROPER_PLACE	"Jacob" for the nation (guide 5.12)
Luke 1:68	Israel	1	PROPER_PERSON	PROPER_PLACE	"the God of Israel" (guide 5.12)
Acts 2:36	house	1	GENERAL_PLACE_1	GENERAL_PEOPLE	"the house of Israel": a family or nation (guide 5.8)
Acts 7:46	Jacob	1	PROPER_PERSON	PROPER_PLACE	"Jacob" for the nation (guide 5.12)
Luke 1:27	house	1	GENERAL_PLACE_1	GENERAL_PEOPLE	"of the house of David": the family (guide 5.8)
Nehemiah 12:37	house of	1	PROPER_PLACE	GENERAL_PLACE_1	"above the house of David": the palace, a building
Nehemiah 12:37	David	2	PROPER_PLACE	PROPER_PERSON	the palace's owner
Exodus 19:3	Jacob	1	PROPER_PERSON	PROPER_PLACE	"say to the house of Jacob, and tell the children of Israel": the nation (guide 5.12)
